{"scale":2,"t":[1586120400,1586206800,1586293200,1586379600,1586725200,1586811600,1586898000,1586984400,1587070800,1587330000,1587416400,1587502800,1587589200,1587675600,1587934800,1588021200,1588107600,1588194000,1588366800,1588453200,1588539600,1588626000,1588712400],"c":[34.01,32.58,33.71,32.03,32.24,30.02,28.58,28.45,28.25,25.6,19.0,21.19,21.63,21.95,20.0,20.8,22.69,26.7,26.6,26.08,30.97,31.98,28.96],"o":[32.8,33.99,32.57,33.7,32.85,32.22,30.0,28.58,28.45,27.74,25.6,18.98,20.98,21.93,21.91,19.66,20.72,22.69,26.6,26.11,25.85,28.1,30.84],"h":[34.24,34.14,33.9,36.39,33.0,32.3,30.07,29.0,28.85,27.98,25.86,22.44,23.22,22.67,21.91,21.29,23.88,26.98,26.6,26.33,28.08,32.06,31.95],"l":[31.92,31.74,31.54,31.35,30.63,29.38,27.17,27.2,27.59,25.28,17.56,15.98,20.08,20.5,19.12,18.73,20.53,22.69,26.6,26.08,25.5,27.77,28.68],"v":[1299016.51,1246477.45,1190914.13,1350670.08,1152562.94,1093512.35,986101.23,992249.1,948415.6,1130567.79,1106607.55,1007196.19,950298.49,788260.75,689440.13,694801.31,709544.6,1009134.32,53.2,1257.27,988503.58,1230710.2600000012,922426.04999999935],"s":"ok"}